Name,State,Status,Host,Cluster,IP Address
CoaterC_SIMU,Powered Off,Normal,e7gvm004.myl.com,7GHADRS002,
FRCHN-S15A,Powered Off,Normal,e7gvm004.myl.com,7GHADRS002,
pfSense-1.2.2-SIMU,Powered On,Normal,e7gvm001.myl.com,7GHADRS002,
FRCHN-S26_SIMU,Powered Off,Normal,e7gvm002.myl.com,7GHADRS002,
CHN0901Test,Powered Off,Normal,e7gvm004.myl.com,7GHADRS002,
CTXTEST_SIMU,Powered Off,Normal,e7gvm002.myl.com,7GHADRS002,
FRCHN-CTX1_SIMU,Powered Off,Normal,e7gvm004.myl.com,7GHADRS002,
FRCHN-CTX2_SIMU,Powered Off,Normal,e7gvm003.myl.com,7GHADRS002,
FRCHN-CTX2,Powered Off,Normal,e7gvm004.myl.com,7GHADRS002,
GranuB_SIMU,Powered Off,Normal,e7gvm004.myl.com,7GHADRS002,
FRCHN-S17_SIMU,Powered On,Normal,e7gvm002.myl.com,7GHADRS002,
CHN0901,Powered On,Normal,e7gvm002.myl.com,7GHADRS002,10.0.120.11
CHN0903_SIMU,Powered On,Normal,e7gvm001.myl.com,7GHADRS002,10.0.120.125
GeluleuseC_SIMU,Powered On,Normal,e7gvm001.myl.com,7GHADRS002,10.0.120.168
FRCHNPKSA_SIMU,Powered On,Normal,e7gvm002.myl.com,7GHADRS002,10.0.120.175
FRCHNPKSB_SIMU,Powered On,Normal,e7gvm001.myl.com,7GHADRS002,10.0.120.176
FRCHN-DCPROD,Powered On,Normal,e7gvm001.myl.com,7GHADRS002,10.0.120.179
FRCHN-S15B,Powered On,Normal,e7gvm002.myl.com,7GHADRS002,10.0.120.2
GranuA_SIMU,Powered On,Normal,e7gvm001.myl.com,7GHADRS002,10.0.120.226
FRCHN-S25,Powered On,Normal,e7gvm001.myl.com,7GHADRS002,10.0.120.230
FRCHN-S26,Powered On,Normal,e7gvm001.myl.com,7GHADRS002,10.0.120.231
FRCHN-CTX1,Powered On,Normal,e7gvm001.myl.com,7GHADRS002,10.0.120.232
FRCHN-SERIA1,Powered On,Normal,e7gvm001.myl.com,7GHADRS002,10.0.120.234
FRCHN-SERIA2,Powered On,Normal,e7gvm001.myl.com,7GHADRS002,10.0.120.235
FRCHN-XAPP1,Powered On,Normal,e7gvm003.myl.com,7GHADRS002,10.0.120.243
FRCHN-XAPP2,Powered On,Normal,e7gvm003.myl.com,7GHADRS002,10.0.120.244
FRCHN-XAPP3,Powered On,Normal,e7gvm001.myl.com,7GHADRS002,10.0.120.245
FRCHN-SERIA3_SIMU,Powered On,Normal,e7gvm002.myl.com,7GHADRS002,10.0.120.246
FRCHN-SERIA3,Powered On,Normal,e7gvm001.myl.com,7GHADRS002,10.0.120.246
FRCHN-S17,Powered On,Normal,e7gvm002.myl.com,7GHADRS002,10.0.120.3
FRCHN-S18,Powered On,Normal,e7gvm001.myl.com,7GHADRS002,10.0.120.4
FRCHN-S18_SIMU,Powered On,Normal,e7gvm001.myl.com,7GHADRS002,10.0.120.4
CHN0937,Powered On,Normal,e7gvm001.myl.com,7GHADRS002,10.0.120.48
CHN0937_SIMU,Powered On,Normal,e7gvm001.myl.com,7GHADRS002,10.0.120.48
FRCHN-S16,Powered On,Normal,e7gvm001.myl.com,7GHADRS002,10.0.120.5
FRCHN-S27,Powered On,Normal,e7gvm002.myl.com,7GHADRS002,10.0.121.3
W7GSCCMDP001,Powered On,Normal,e7gvm002.myl.com,7GHADRS002,10.240.101.11
W7GVADC001,Powered On,Normal,e7gvm004.myl.com,7GHADRS002,10.240.101.130
W7GVCOLOSP001,Powered On,Normal,e7gvm003.myl.com,7GHADRS002,10.240.101.67
W7GVPRINTP002,Powered On,Normal,e7gvm002.myl.com,7GHADRS002,10.31.85.101
W7GVPRINTP001,Powered On,Normal,e7gvm004.myl.com,7GHADRS002,10.31.85.102
W7GVINETEPP001,Powered On,Normal,e7gvm002.myl.com,7GHADRS002,10.31.85.103
C7G715CTX002,Powered On,Normal,e7gvm004.myl.com,7GHADRS002,10.6.162.11
C7G715CTX003,Powered On,Normal,e7gvm004.myl.com,7GHADRS002,10.6.162.12
C7G715CTX004,Powered On,Normal,e7gvm004.myl.com,7GHADRS002,10.6.162.13
W7GVDCSOPCP001,Powered On,Normal,e7gvm001.myl.com,7GHADRS002,10.6.162.41
W7GVTEST001,Powered On,Normal,e7gvm001.myl.com,7GHADRS002,10.6.162.50
FRCHN-S02,Powered On,Normal,e7gvm002.myl.com,7GHADRS002,150.251.208.11
W7GPRINT001,Powered On,Normal,e7gvm002.myl.com,7GHADRS002,150.251.208.24
W7GVGDHPINTD001,Powered On,Normal,e7gvm002.myl.com,7GHADRS002,150.251.208.28
W7GEDAPPP001,Powered On,Normal,e7gvm002.myl.com,7GHADRS002,150.251.208.42
W7GMESAPPD001,Powered On,Normal,e7gvm003.myl.com,7GHADRS002,150.251.210.246
W7GMESAPPD002,Powered On,Normal,e7gvm004.myl.com,7GHADRS002,150.251.210.247
W7GMESDBD001,Powered On,Normal,e7gvm002.myl.com,7GHADRS002,150.251.210.248
W7GMESAPPT001,Powered On,Normal,e7gvm004.myl.com,7GHADRS002,150.251.210.249
W7GMESAPPT002,Powered On,Normal,e7gvm001.myl.com,7GHADRS002,150.251.210.250
W7GMESAPPT003,Powered On,Normal,e7gvm003.myl.com,7GHADRS002,150.251.210.251
W7GMESDBT001,Powered On,Normal,e7gvm004.myl.com,7GHADRS002,150.251.210.252
FRCHN-S01,Powered On,Normal,e7gvm002.myl.com,7GHADRS002,"150.251.211.166, fe80::250:56ff:feab:214f"
W7GD216PRTP001,Powered On,Normal,e7gvm004.myl.com,7GHADRS002,150.251.211.66
W7GMESAPPP001,Powered On,Normal,e7gvm003.myl.com,7GHADRS002,192.168.138.40
W7GMESAPPP002,Powered On,Normal,e7gvm004.myl.com,7GHADRS002,"192.168.138.41, 192.168.138.65"
W7GMESAPPP003,Powered On,Normal,e7gvm002.myl.com,7GHADRS002,192.168.138.42
W7GMESAPPP004,Powered On,Normal,e7gvm003.myl.com,7GHADRS002,192.168.138.43
W7GMESAPPP005,Powered On,Normal,e7gvm002.myl.com,7GHADRS002,192.168.138.44
W7GMESDBP001,Powered On,Normal,e7gvm003.myl.com,7GHADRS002,192.168.138.45
W7GMESDBP002,Powered On,Normal,e7gvm004.myl.com,7GHADRS002,"192.168.138.46, 192.168.138.48, 192.168.138.49"
C7G715CTXST001,Powered On,Normal,e7gvm003.myl.com,7GHADRS002,192.168.138.56
C7G715CTXST002,Powered On,Normal,e7gvm003.myl.com,7GHADRS002,192.168.138.57
C7G715CTXDC001,Powered On,Normal,e7gvm003.myl.com,7GHADRS002,192.168.138.58
C7G715CTXDC002,Powered On,Normal,e7gvm003.myl.com,7GHADRS002,192.168.138.59
C7G715CTX001,Powered On,Normal,e7gvm004.myl.com,7GHADRS002,192.168.138.60
W7GMESAPPP006,Powered On,Normal,e7gvm004.myl.com,7GHADRS002,192.168.138.61
W7GVMESEIHP002,Powered On,Normal,e7gvm004.myl.com,7GHADRS002,192.168.138.72
W7GVFTHP001,Powered On,Normal,e7gvm001.myl.com,7GHADRS002,192.168.150.31
W7GVFTHP002,Powered On,Normal,e7gvm003.myl.com,7GHADRS002,192.168.150.32
W7GVFTVPDBP001,Powered On,Normal,e7gvm004.myl.com,7GHADRS002,192.168.150.33
W7GVFTSPP001,Powered On,Normal,e7gvm002.myl.com,7GHADRS002,192.168.150.34
W7GVFTOPCP001,Powered On,Normal,e7gvm003.myl.com,7GHADRS002,192.168.150.35
W7GVFTOPCP002,Powered On,Normal,e7gvm003.myl.com,7GHADRS002,192.168.150.36
W7GVGDHPINTP001,Powered On,Normal,e7gvm003.myl.com,7GHADRS002,"192.168.150.37, 192.168.150.41"
W7GVGDHPINTP002,Powered On,Normal,e7gvm001.myl.com,7GHADRS002,192.168.150.38
W7GVDATASTRP001,Powered On,Normal,e7gvm003.myl.com,7GHADRS002,192.168.150.43
W7GVGDHPIOPD001,Powered On,Normal,e7gvm003.myl.com,7GHADRS002,192.168.150.45
W7GVSERITSP002,Powered On,Normal,e7gvm003.myl.com,7GHADRS002,192.168.47.31
W7GVSERDBT001,Powered On,Normal,e7gvm004.myl.com,7GHADRS002,192.168.47.32
W7GVSERITST002,Powered On,Normal,e7gvm003.myl.com,7GHADRS002,192.168.47.33
W7GVSERGTST001,Powered On,Normal,e7gvm002.myl.com,7GHADRS002,192.168.47.34
W7GVSERDBP001,Powered On,Normal,e7gvm003.myl.com,7GHADRS002,192.168.47.35
W7GVSERGTSP001,Powered On,Normal,e7gvm002.myl.com,7GHADRS002,192.168.47.36
